{
  "version": 1,
  "savedAt": "2026-07-08T04:32:34.633Z",
  "dot": {
    "x": 0,
    "y": 0
  },
  "camera": {
    "x": -678.4100236905344,
    "y": -1623.1777984550229,
    "zoom": 2.3009345110994754
  },
  "artifacts": [],
  "deletedMarkers": [],
  "connections": [],
  "selectedArtifactId": null,
  "theme": null
}