{
  "version": 1,
  "savedAt": "2026-07-08T10:04:16.353Z",
  "dot": {
    "x": 0,
    "y": 0
  },
  "camera": {
    "x": -483.6162787408905,
    "y": -1334.0416819157413,
    "zoom": 1.9780575930520437
  },
  "artifacts": [],
  "deletedMarkers": [],
  "connections": [],
  "selectedArtifactId": null,
  "theme": null
}